https://www.dell.com/en-us/shop/nintendo-joy-con-switch-animal-crossing/apd/ac351057/gaming-gaming-accessories	Nintendo Joy-Con Switch Animal Crossing	$299.99
https://www.dell.com/en-us/shop/nintendo-switch-with-neon-blue-and-neon-red-joy-con-game-console-full-hd-black-neon-red-neon-blue/apd/ac352670/gaming-gaming-accessories	Nintendo Switch with Neon Blue and Neon Red Joy-Con - Game console - Full HD - black, neon red, neon blue	$299.99
https://www.dell.com/en-us/shop/microsoft-xbox-series-s-game-console-512-gb-ssd-refurbished/apd/ac292659/gaming-gaming-accessories	Microsoft Xbox Series S Game console - 512 GB SSD - refurbished	$279.99
https://www.dell.com/en-us/shop/alienware-s3800-comfort-gaming-chair/apd/ac199488/gaming-gaming-accessories	Alienware S3800 Comfort Gaming Chair	$329.99
https://www.dell.com/en-us/shop/alienware-34-curved-qd-oled-gaming-monitor-aw3423dw/apd/210-bcye/monitors-monitor-accessories	Alienware 34 Curved QD-OLED Gaming Monitor - AW3423DW	$1,299.99
https://www.dell.com/en-us/shop/dell-27-gaming-monitor-s2721dgf/apd/210-axeh/monitors-monitor-accessories	Dell 27 Gaming Monitor: S2721DGF	$269.99
https://www.dell.com/en-us/shop/dell-34-curved-gaming-monitor-s3422dwg/apd/210-azep/monitors-monitor-accessories	Dell 34 Curved Gaming Monitor – S3422DWG	$379.99
https://www.dell.com/en-us/shop/alienware-25-gaming-monitor-aw2521hfl/apd/210-awdy/monitors-monitor-accessories	Alienware 25 Gaming Monitor - AW2521HFL	$349.99
https://www.dell.com/en-us/shop/dell-27-gaming-monitor-g2722hs/apd/210-bdqb/monitors-monitor-accessories	Dell 27 Gaming Monitor - G2722HS	$149.99
https://www.dell.com/en-us/shop/alienware-wired-wireless-gaming-mouse-aw610m-dark-side-of-the-moon/apd/545-bbcc/pc-accessories	Alienware Wired/Wireless Gaming Mouse - AW610M - Dark Side Of The Moon	$69.99
https://www.dell.com/en-us/shop/alienware-horizon-travel-backpack/apd/460-bdge/gaming-gaming-accessories	Alienware Horizon Travel Backpack	$99.99
https://www.dell.com/en-us/shop/alienware-wired-wireless-gaming-mouse-aw610m-lunar-light/apd/545-bbce/pc-accessories	Alienware Wired/Wireless Gaming Mouse - AW610M - Lunar Light	$69.99
https://www.dell.com/en-us/shop/dell-27-curved-gaming-monitor-s2721hgf/apd/210-axgw/monitors-monitor-accessories	Dell 27 Curved Gaming Monitor – S2721HGF	$179.99
https://www.dell.com/en-us/shop/dell-27-curved-gaming-monitor-s2722dgm/apd/210-azzp/monitors-monitor-accessories	Dell 27 Curved Gaming Monitor – S2722DGM	$299.99
https://www.dell.com/en-us/shop/alienware-mechanical-backlit-gaming-keyboard-wired-gaming-mouse-aw510k-aw610m/apd/545-bbcr/gaming-gaming-accessories	Alienware Mechanical Backlit Gaming Keyboard & Wired Gaming Mouse - AW510K & AW610M	$189.99
https://www.dell.com/en-us/shop/alienware-low-profile-rgb-mechanical-gaming-keyboard-aw510k-dark-side-of-the-moon/apd/580-aimp/pc-accessories	Alienware Low Profile RGB Mechanical Gaming Keyboard - AW510K - Dark Side Of The Moon	$109.99
https://www.dell.com/en-us/shop/alienware-38-curved-gaming-monitor-aw3821dw/apd/210-axvg/monitors-monitor-accessories	Alienware 38 Curved Gaming Monitor -  AW3821DW	$1,349.99
https://www.dell.com/en-us/shop/alienware-low-profile-rgb-mechanical-gaming-keyboard-aw510k-lunar-light/apd/580-aimo/pc-accessories	Alienware Low Profile RGB Mechanical Gaming Keyboard - AW510K - Lunar Light	$109.99
https://www.dell.com/en-us/shop/dell-32-curved-gaming-monitor-s3222dgm/apd/210-azzr/monitors-monitor-accessories	Dell 32 Curved Gaming Monitor – S3222DGM	$349.99
https://www.dell.com/en-us/shop/dell-32-curved-gaming-monitor-s3222hg/apd/210-bbtt/monitors-monitor-accessories	Dell 32 Curved Gaming Monitor - S3222HG	$299.99
https://www.dell.com/en-us/shop/alienware-tri-mode-wireless-gaming-headset-aw920h-lunar-light/apd/520-aavf/audio	Alienware Tri-Mode Wireless Gaming Headset AW920H - Lunar Light	$179.99
https://www.dell.com/en-us/shop/alienware-gaming-keyboard-gaming-mouse-bundle-aw510k-aw610m/apd/486-bbfq/gaming-gaming-accessories	Alienware Gaming Keyboard & Gaming Mouse Bundle - AW510K & AW610M	$189.99
https://www.dell.com/en-us/shop/alienware-15-inch-horizon-laptop-sleeve/apd/460-bdfy/gaming-gaming-accessories	Alienware 15-inch Horizon Laptop Sleeve	$29.99
https://www.dell.com/en-us/shop/alienware-horizon-utility-backpack/apd/460-bdgf/gaming-gaming-accessories	Alienware Horizon Utility Backpack	$84.99
https://www.dell.com/en-us/shop/alienware-rgb-dark-side-of-the-moon-mechanical-gaming-keyboard-gaming-mouse-aw410k-aw610m/apd/486-bbfx/gaming-gaming-accessories	Alienware RGB Dark Side of the Moon Mechanical Gaming Keyboard & Gaming Mouse - AW410K & AW610M	$189.99
https://www.dell.com/en-us/shop/dell-27-gaming-monitor-g2723hn/apd/210-bejg/monitors-monitor-accessories	Dell 27 Gaming Monitor - G2723HN	$199.99
https://www.dell.com/en-us/shop/alienware-17-inch-horizon-laptop-sleeve/apd/460-bdgc/gaming-gaming-accessories	Alienware 17-inch Horizon Laptop Sleeve	$29.99
https://www.dell.com/en-us/shop/dell-25-gaming-monitor-s2522hg/apd/210-azzo/monitors-monitor-accessories	Dell 25 Gaming Monitor - S2522HG	$299.99
https://www.dell.com/en-us/shop/alienware-rgb-mechanical-gaming-keyboard-aw410k/apd/580-ajbd/pc-accessories	Alienware RGB Mechanical Gaming Keyboard - AW410K	$89.99
https://www.dell.com/en-us/shop/alienware-tri-mode-wireless-gaming-headset-aw920h-dark-side-of-the-moon/apd/520-aavg/audio	Alienware Tri-Mode Wireless Gaming Headset AW920H - Dark Side of the Moon	$179.99
https://www.dell.com/en-us/shop/alienware-tri-mode-wireless-gaming-mouse-aw720m/apd/570-abnc/pc-accessories	Alienware Tri-Mode Wireless Gaming Mouse - AW720M	$139.99
https://www.dell.com/en-us/shop/dell-32-4k-uhd-gaming-monitor-g3223q/apd/210-bdbk/monitors-monitor-accessories	Dell 32 4K UHD Gaming Monitor - G3223Q	$799.99
https://www.dell.com/en-us/shop/alienware-71-wired-gaming-headset-aw510h-lunar-light/apd/520-aaqd/audio	Alienware 7.1 Wired Gaming Headset - AW510H - Lunar Light	$84.99
https://www.dell.com/en-us/shop/dell-32-usb-c-gaming-monitor-g3223d/apd/210-bejf/monitors-monitor-accessories	Dell 32 USB-C Gaming Monitor - G3223D	$399.99
https://www.dell.com/en-us/shop/alienware-27-gaming-monitor-aw2723df/apd/210-bfek/monitors-monitor-accessories	Alienware 27 Gaming Monitor - AW2723DF	$599.99
https://www.dell.com/en-us/shop/alienware-stereo-wired-gaming-headset-aw310h/apd/520-aaqe/audio	Alienware Stereo Wired Gaming Headset - AW310H	$59.99
https://www.dell.com/en-us/shop/dell-gaming-backpack-gm1720pm-fits-most-dell-laptops-up-to-17/apd/460-bcyy/gaming-gaming-accessories	Dell Gaming Backpack – GM1720PM – Fits most Dell laptops up to 17”	$69.99
https://www.dell.com/en-us/shop/alienware-71-wired-gaming-headset-aw510h-dark-side-of-the-moon/apd/520-aaqc/audio	Alienware 7.1 Wired Gaming Headset - AW510H - Dark Side Of The Moon	$84.99
https://www.dell.com/en-us/shop/alienware-tri-mode-wireless-gaming-mouse-aw720m/apd/570-abmp/pc-accessories	Alienware Tri-Mode Wireless Gaming Mouse - AW720M	$139.99
https://www.dell.com/en-us/shop/alienware-horizon-commuter-backpack/apd/460-bdfx/gaming-gaming-accessories	Alienware Horizon Commuter Backpack	$49.99
https://www.dell.com/en-us/shop/alienware-horizon-slim-backpack/apd/460-bdgi/gaming-gaming-accessories	Alienware Horizon Slim Backpack	$49.99
https://www.dell.com/en-us/shop/alienware-wired-gaming-mouse-aw320m/apd/570-abmq/pc-accessories	Alienware Wired Gaming Mouse - AW320M	$39.99
https://www.dell.com/en-us/shop/dell-24-gaming-monitor-g2422hs/apd/210-bdpw/monitors-monitor-accessories	Dell 24 Gaming Monitor - G2422HS	$229.99
https://www.dell.com/en-us/shop/dell-24-curved-gaming-monitor-s2422hg/apd/210-ayzj/monitors-monitor-accessories	Dell 24 Curved Gaming Monitor - S2422HG	$199.99
https://www.dell.com/en-us/shop/alienware-s5800-ergonomic-gaming-chair/apd/ac199489/gaming-gaming-accessories	Alienware S5800 Ergonomic Gaming Chair	$399.99
https://www.dell.com/en-us/shop/alienware-25-gaming-monitor-aw2523hf/apd/210-bfed/monitors-monitor-accessories	Alienware 25 Gaming Monitor - AW2523HF	$319.99
https://www.dell.com/en-us/shop/alienware-25-gaming-monitor-aw2521h/apd/210-aycb/monitors-monitor-accessories	Alienware 25 Gaming Monitor – AW2521H	$649.99
https://www.dell.com/en-us/shop/alienware-tenkeyless-gaming-keyboard-aw420k/apd/580-akve/pc-accessories	ALIENWARE TENKEYLESS GAMING KEYBOARD - AW420K	$149.99
https://www.dell.com/en-us/shop/dell-27-gaming-monitor-g2723h/apd/210-bfiv/monitors-monitor-accessories	Dell 27 Gaming Monitor - G2723H	$269.99
https://www.dell.com/en-us/shop/download-xbox-live-100-digital-gift-card/apd/a8640187/gaming-gaming-accessories	Download Xbox Live $100 Digital Gift Card	$100.00
https://www.dell.com/en-us/shop/download-xbox-live-50-digital-gift-card/apd/a8494217/gaming-gaming-accessories	Download Xbox Live $50 Digital Gift Card	$50.00
https://www.dell.com/en-us/shop/download-xbox-live-75-digital-gift-card/apd/a8640195/gaming-gaming-accessories	Download Xbox Live $75 Digital Gift Card	$75.00
https://www.dell.com/en-us/shop/logitech-g502-hero-wired-gaming-mouse/apd/aa324362/pc-accessories	Logitech G502 HERO Wired Gaming Mouse	$34.99
https://www.dell.com/en-us/shop/logitech-g213-prodigy-rgb-gaming-keyboard/apd/a9235960/pc-accessories	Logitech G213 Prodigy RGB Gaming Keyboard	$39.99
https://www.dell.com/en-us/shop/nintendo-switch-oled-model-with-switch-plate-controller-and-splatoon3/apd/ac357238/gaming-gaming-accessories	Nintendo Switch – OLED Model with Switch Plate controller and Splatoon3	$419.99
https://www.dell.com/en-us/shop/alienware-s5000-gaming-chair/apd/ab790464/gaming-gaming-accessories	Alienware S5000 Gaming Chair	$309.99
https://www.dell.com/en-us/shop/logitech-g733-lightspeed-wireless-gaming-headset-black/apd/ab307439/audio	Logitech G733 Lightspeed Wireless Gaming Headset - Black	$149.99
https://www.dell.com/en-us/shop/enhance-gx-c1-laptop-fan/apd/aa440223/gaming-gaming-accessories	ENHANCE GX-C1 - Laptop fan	$34.99
https://www.dell.com/en-us/shop/netgear-nighthawk-r7000-wireless-router-4-port-switch-gige-80211a-b-g-n-ac-dual-band/apd/a8489287/networking	NETGEAR Nighthawk R7000 - Wireless router - 4-port switch - GigE - 802.11a/b/g/n/ac - Dual Band	$189.99
https://www.dell.com/en-us/shop/netgear-orbi-ax4200-tri-band-mesh-wi-fi-6-system-2-pack-white/apd/ab115146/networking	NETGEAR - Orbi AX4200 Tri-Band Mesh Wi-Fi 6 System (2-pack) - White	$449.99
https://www.dell.com/en-us/shop/logitech-g915-tkl-tenkeyless-lightspeed-wireless-rgb-mechanical-gaming-keyboard-keyboard-english-carbon/apd/ab182121/pc-accessories	Logitech G915 TKL Tenkeyless LIGHTSPEED Wireless RGB Mechanical Gaming Keyboard - keyboard - English - carbon	$159.99
https://www.dell.com/en-us/shop/download-xbox-live-35-digital-gift-card/apd/a8640190/gaming-gaming-accessories	Download Xbox Live $35 Digital Gift Card	$35.00
https://www.dell.com/en-us/shop/download-xbox-live-60-digital-gift-card/apd/a8640194/gaming-gaming-accessories	Download Xbox Live $60 Digital Gift Card	$60.00
https://www.dell.com/en-us/shop/logitech-g240-mouse-pad/apd/aa532441/gaming-gaming-accessories	Logitech G240 Mouse Pad	$10.99
https://www.dell.com/en-us/shop/laptop-cooling-stand-with-5-led-cooling-fans-dual-usb-ports/apd/ab174238/gaming-gaming-accessories	Laptop Cooling Stand with 5 LED Cooling Fans & Dual USB Ports	$34.99
https://www.dell.com/en-us/shop/logitech-lightspeed-g-pro-usb-wireless-gaming-mouse/apd/aa324345/pc-accessories	Logitech LIGHTSPEED G Pro USB Wireless Gaming Mouse	$89.99
https://www.dell.com/en-us/shop/logitech-g502-lightspeed-wireless-gaming-mouse-black/apd/aa640623/pc-accessories	Logitech G502 LIGHTSPEED Wireless Gaming Mouse - Black	$89.99
https://www.dell.com/en-us/shop/enhance-cryogen-gaming-laptop-cooling-pad-5-quiet-cooler-fans-and-2-usb-ports/apd/ab174803/gaming-gaming-accessories	ENHANCE Cryogen Gaming Laptop Cooling Pad - 5 Quiet Cooler Fans and 2 USB Ports	$39.99
https://www.dell.com/en-us/shop/google-wifi-home-wi-fi-system-mesh-wi-fi-whole-home-coverage-mesh/apd/ab868570/networking	Google Wifi - Home Wi-Fi System - Mesh Wi-Fi - Whole Home Coverage -Mesh	$199.99
https://www.dell.com/en-us/shop/download-xbox-live-25-digital-gift-card/apd/a7504709/gaming-gaming-accessories	Download Xbox Live $25 Digital Gift Card	$25.00
https://www.dell.com/en-us/shop/netgear-nighthawk-dual-band-ac1900-router-with-24-x-8-docsis-30-cable-modem-black/apd/a8834122/networking	NETGEAR - Nighthawk Dual-Band AC1900 Router with 24 x 8 DOCSIS 3.0 Cable Modem - Black	$219.99
https://www.dell.com/en-us/shop/logitech-g305-lightsync-wireless-gaming-mouse-black/apd/aa583009/pc-accessories	Logitech G305 LIGHTSYNC Wireless Gaming Mouse - Black	$39.99
https://www.dell.com/en-us/shop/logitech-g920-driving-force-racing-wheel-and-pedals-set-xbox-one-pc-black/apd/a8543273/gaming-gaming-accessories	Logitech G920 Driving Force Racing Wheel and Pedals Set - Xbox One/PC - Black	$299.99
https://www.dell.com/en-us/shop/download-xbox-live-5-digital-gift-card/apd/a8640193/gaming-gaming-accessories	Download Xbox Live $5 Digital Gift Card	$5.00
https://www.dell.com/en-us/shop/nighthawk-ax5400-6-stream-wifi-6-router-rax50/apd/ab088753/networking	NIGHTHAWK® AX5400 6-STREAM WIFI 6 ROUTER (RAX50)	$229.99
https://www.dell.com/en-us/shop/astro-a50-gaming-headset-wireless-pc-mac-xbox-one/apd/aa773950/audio	ASTRO A50 Gaming Headset - Wireless - PC/Mac/Xbox One	$249.99
https://www.dell.com/en-us/shop/sony-pulse-3d-headset-full-size-wireless-35-mm-jack-for-sony-playstation-5/apd/ab352004/audio	Sony PULSE 3D - Headset - full size - wireless - 3.5 mm jack - for Sony PlayStation 5	$99.99
https://www.dell.com/en-us/shop/logitech-g435-lightspeed-wireless-gaming-headset-headset-full-size-bluetooth-lightspeed-wireless-black-discord-certified/apd/ab798937/audio	Logitech G435 LIGHTSPEED Wireless Gaming Headset - Headset - full size - Bluetooth / LIGHTSPEED - wireless - black - Discord Certified	$49.99
https://www.dell.com/en-us/shop/super-mario-3d-world-bowsers-fury-nintendo-switch/apd/ab872501/gaming-gaming-accessories	Super Mario 3D World + Bowser's Fury - Nintendo Switch	$59.99
https://www.dell.com/en-us/shop/nintendo-switch-sports/apd/ac276608/gaming-gaming-accessories	Nintendo Switch™ Sports	$49.99
https://www.dell.com/en-us/shop/mario-kart-8-deluxe-nintendo-switch/apd/ab908016/gaming-gaming-accessories	Mario Kart 8 Deluxe - Nintendo Switch	$59.99
https://www.dell.com/en-us/shop/steelseries-apex-3-usb-keyboard-whisper-quiet-gaming-key-switch/apd/ab024730/pc-accessories	SteelSeries Apex 3 USB Keyboard - Whisper Quiet Gaming Key Switch	$58.99
https://www.dell.com/en-us/shop/splatoon-3-nintendo-switch/apd/ac271604/gaming-gaming-accessories	Splatoon 3 - Nintendo Switch	$59.99
https://www.dell.com/en-us/shop/microsoft-xbox-wireless-controller-gamepad-wireless-bluetooth-pulse-red/apd/ac083840/gaming-gaming-accessories	Microsoft Xbox Wireless Controller - Gamepad - wireless - Bluetooth - pulse red	$64.99
https://www.dell.com/en-us/shop/arcade1up-the-simpsons-arcade-machine/apd/ac162223/gaming-gaming-accessories	Arcade1Up The Simpsons™ Arcade Machine	$299.99
https://www.dell.com/en-us/shop/laptop-cooling-stand-with-5-led-cooling-fans-dual-usb-ports/apd/ab174804/gaming-gaming-accessories	Laptop Cooling Stand with 5 LED Cooling Fans & Dual USB Ports	$34.99
https://www.dell.com/en-us/shop/logitech-gaming-g840-xl-mouse-pad/apd/aa469040/gaming-gaming-accessories	Logitech Gaming G840 XL Mouse Pad	$49.99
https://www.dell.com/en-us/shop/logitech-g903-hero-lightspeed-wireless-gaming-mouse-black/apd/aa698024/pc-accessories	Logitech G903 HERO LIGHTSPEED Wireless Gaming Mouse - Black	$89.99
https://www.dell.com/en-us/shop/download-xbox-live-10-digital-gift-card/apd/a7504708/gaming-gaming-accessories	Download Xbox Live $10 Digital Gift Card	$10.00
https://www.dell.com/en-us/shop/download-xbox-live-90-digital-gift-card/apd/a8640196/gaming-gaming-accessories	Download Xbox Live $90 Digital Gift Card	$90.00
https://www.dell.com/en-us/shop/download-xbox-live-20-digital-gift-card/apd/a8640189/gaming-gaming-accessories	Download Xbox Live $20 Digital Gift Card	$20.00
https://www.dell.com/en-us/shop/logitech-g-lightspeed-wireless-gaming-bundle-g305-g435-black-headset-full-size-bluetooth/apd/ac264179/pc-accessories	Logitech G LIGHTSPEED Wireless Gaming Bundle G305 + G435 - BLACK - Headset - full size - Bluetooth	$64.99
https://www.dell.com/en-us/shop/logitech-g-pro-x-gaming-headset-wired-black/apd/aa736020/audio	Logitech G Pro X Gaming Headset - Wired - Black	$89.99
https://www.dell.com/en-us/shop/logitech-powerplay-wireless-charging-gaming-mouse-pad/apd/aa056561/gaming-gaming-accessories	Logitech Powerplay Wireless Charging Gaming Mouse Pad	$119.99
https://www.dell.com/en-us/shop/steelseries-qck-edge-mouse-pad/apd/a8376318/gaming-gaming-accessories	SteelSeries Qck Edge Mouse Pad	$10.99
https://www.dell.com/en-us/shop/sony-dualsense-gamepad-wireless-bluetooth-cosmic-red-for-sony-playstation-5/apd/ac083844/gaming-gaming-accessories	Sony DualSense - Gamepad - wireless - Bluetooth - cosmic red - for Sony PlayStation 5	$74.99
https://www.dell.com/en-us/shop/steelseries-qck-xxl-mouse-pad/apd/a8859156/gaming-gaming-accessories	SteelSeries QcK XXL Mouse Pad	$39.99
https://www.dell.com/en-us/shop/logitech-g733-lightspeed-wireless-gaming-headset-white/apd/ab307487/audio	Logitech G733 Lightspeed Wireless Gaming Headset - White	$119.99
https://www.dell.com/en-us/shop/super-smash-bros-ultimate-nintendo-switch/apd/ab872500/gaming-gaming-accessories	Super Smash Bros. Ultimate - Nintendo Switch	$59.99
https://www.dell.com/en-us/shop/mario-party-superstars-nintendo-switch/apd/ac024050/gaming-gaming-accessories	Mario Party Superstars - Nintendo Switch	$59.99
https://www.dell.com/en-us/shop/download-xbox-live-15-digital-gift-card/apd/a8640188/gaming-gaming-accessories	Download Xbox Live $15 Digital Gift Card	$15.00
https://www.dell.com/en-us/shop/animal-crossing-new-horizons-nintendo-switch/apd/ab872504/gaming-gaming-accessories	Animal Crossing New Horizons - Nintendo Switch	$59.99
https://www.dell.com/en-us/shop/gaming-headset-holder-hanger-mount-by-enhance-adjustable-under-desk-design/apd/ab174227/audio	Gaming Headset Holder Hanger Mount by ENHANCE - Adjustable Under Desk Design	$14.99
https://www.dell.com/en-us/shop/amazon-eero-pro-6e-mesh-wi-fi-system-2-pack/apd/ac226242/networking	Amazon eero Pro 6E mesh Wi-Fi System (2-pack)	$499.00
https://www.dell.com/en-us/shop/elgato-stream-deck-keypad-usb/apd/aa357576/gaming-gaming-accessories	Elgato Stream Deck - Keypad - USB	$149.95
https://www.dell.com/en-us/shop/minecraft-nintendo-switch/apd/ab908024/gaming-gaming-accessories	Minecraft - Nintendo Switch	$29.99
https://www.dell.com/en-us/shop/arcade1up-super-pac-man-counter-cade/apd/ac162227/gaming-gaming-accessories	Arcade1Up Super PAC-MAN - Counter-cade	$99.99
https://www.dell.com/en-us/shop/next-level-racing-f-gt-gaming-simulator-cockpit-matte-black/apd/aa324344/gaming-gaming-accessories	Next Level Racing F-GT - Gaming Simulator Cockpit - Matte Black	$499.00
https://www.dell.com/en-us/shop/astro-a50-headset-and-base-station-wireless-dolby-surround/apd/aa773830/audio	ASTRO A50 Headset and Base Station - Wireless - Dolby Surround	$249.99
https://www.dell.com/en-us/shop/next-level-racing-gttrack-gaming-chair/apd/aa450204/gaming-gaming-accessories	Next Level Racing GT Track Cockpit	$899.99
https://www.dell.com/en-us/shop/logitech-flight-rudder-pedals-wired-pc/apd/a9578646/gaming-gaming-accessories	Logitech Flight Rudder Pedals - Wired - PC	$169.99
https://www.dell.com/en-us/shop/logitech-g305-lightspeed-wireless-gaming-mouse-white/apd/aa583011/pc-accessories	Logitech G305 LIGHTSPEED Wireless Gaming Mouse - White	$39.99
https://www.dell.com/en-us/shop/download-microsoft-xbox-fifa-23-ultimate-edition/apd/ac279499/gaming-gaming-accessories	Download Microsoft Xbox FIFA 23 - ULTIMATE EDITION	$99.99
https://www.dell.com/en-us/shop/logitech-g915-lightspeed-wireless-mechanical-gaming-keyboard-tactile-key-switch/apd/aa778307/pc-accessories	Logitech G915 LIGHTSPEED Wireless Mechanical Gaming Keyboard - Tactile Key Switch	$249.99
https://www.dell.com/en-us/shop/steelseries-arctis-9x-headset-full-size-bluetooth-wireless-black/apd/ab381171/audio	SteelSeries Arctis 9X - Headset - full size - Bluetooth - wireless - black	$199.99
https://www.dell.com/en-us/shop/the-legend-of-zelda-breath-of-the-wild-nintendo-switch/apd/ab872499/gaming-gaming-accessories	The Legend of Zelda Breath of the Wild - Nintendo Switch	$59.99
https://www.dell.com/en-us/shop/logitech-g600-mmo-gaming-mouse-black/apd/a6306944/pc-accessories	Logitech G600 MMO Gaming Mouse - Black	$39.99
https://www.dell.com/en-us/shop/microsoft-xbox-wireless-controller-gamepad-bluetooth-robot-white/apd/ab365500/gaming-gaming-accessories	Microsoft Xbox Wireless Controller - Gamepad - Bluetooth - Robot White	$59.99
https://www.dell.com/en-us/shop/netgear-nighthawk-cm2000-cable-modem-25-gigabit-ethernet-25-gbps/apd/ab307403/networking	NETGEAR Nighthawk CM2000 - Cable modem - 2.5 Gigabit Ethernet - 2.5 Gbps	$299.99
https://www.dell.com/en-us/shop/google-wifi-home-wi-fi-system-mesh-wi-fi-whole-home-coverage/apd/ab868569/networking	Google Wifi - Home Wi-Fi System - Mesh Wi-Fi - Whole Home Coverage	$99.99
https://www.dell.com/en-us/shop/the-legend-of-zelda-skyward-sword-hd-nintendo-switch-nintendo-switch-lite/apd/ab872507/gaming-gaming-accessories	The Legend of Zelda Skyward Sword HD - Nintendo Switch, Nintendo Switch Lite	$59.99
https://www.dell.com/en-us/shop/arcade1up-terminator-2-arcade-machine/apd/ac162232/gaming-gaming-accessories	Arcade1Up Terminator 2 Arcade Machine	$299.99
https://www.dell.com/en-us/shop/next-level-racing-f-gt-lite-simulator-cockpit/apd/ab033401/gaming-gaming-accessories	Next Level Racing F-GT LITE Simulator Cockpit	$299.99
https://www.dell.com/en-us/shop/download-xbox-live-40-digital-gift-card/apd/a8640191/gaming-gaming-accessories	Download Xbox Live $40 Digital Gift Card	$40.00
https://www.dell.com/en-us/shop/vive-pro-2-full-kit/apd/ab654914/gaming-gaming-accessories	VIVE Pro 2 Full Kit	$1,399.00
https://www.dell.com/en-us/shop/logitech-g703-hero-lightspeed-wireless-gaming-mouse/apd/aa698196/pc-accessories	Logitech G703 Hero Lightspeed Wireless Gaming Mouse	$79.99
https://www.dell.com/en-us/shop/command-conquer-the-ult-col-pc-gaming-electronic-software-download/apd/a9827491/gaming-gaming-accessories	COMMAND & CONQUER THE ULT COL - PC Gaming - Electronic Software Download	$19.99
https://www.dell.com/en-us/shop/logitech-g604-lightspeed-wireless-gaming-mouse-black/apd/aa814922/pc-accessories	Logitech G604 LIGHTSPEED Wireless Gaming Mouse - Black	$59.99
https://www.dell.com/en-us/shop/pokémon-legends-arceus-nintendo-switch-nintendo-switch-lite/apd/ab982970/gaming-gaming-accessories	Pokémon Legends Arceus - Nintendo Switch, Nintendo Switch Lite	$59.99
https://www.dell.com/en-us/shop/download-microsoft-xbox-fifa-23-12000-fifa-points-xbox-one-digital-code/apd/ac270955/gaming-gaming-accessories	Download Microsoft Xbox FIFA 23 12000 FIFA Points Xbox One Digital Code	$99.99
https://www.dell.com/en-us/shop/logitech-f310-usb-gamepad-for-pc/apd/a7444725/gaming-gaming-accessories	Logitech F310 USB Gamepad for PC	$18.99
https://www.dell.com/en-us/shop/linksys-hydra-pro-6e-tri-band-mesh-wifi-6e-router/apd/ab658202/networking	Linksys Hydra Pro 6E: Tri-Band Mesh WiFi 6E Router	$349.99
https://www.dell.com/en-us/shop/thrustmaster-tpr-pendular-rudder-pedals-wired/apd/aa381592/gaming-gaming-accessories	ThrustMaster TPR Pendular Rudder Pedals - Wired	$599.99
https://www.dell.com/en-us/shop/enhance-large-hard-surface-led-gaming-mouse-pad/apd/aa440220/gaming-gaming-accessories	ENHANCE Large Hard Surface LED Gaming Mouse Pad	$29.99
https://www.dell.com/en-us/shop/thrustmaster-th8a-shifter-xbox-series-x-s-xbox-one-ps5-ps4-and-pc/apd/aa056583/gaming-gaming-accessories	ThrustMaster TH8A - Shifter (XBOX Series X/S, XBOX One, PS5, PS4 and PC)	$199.99
https://www.dell.com/en-us/shop/steelseries-apex-pro-usb-keyboard-omnipoint-adjustable-key-switch/apd/aa760821/pc-accessories	SteelSeries Apex Pro USB Keyboard - OmniPoint Adjustable Key Switch	$199.99
https://www.dell.com/en-us/shop/yoshis-crafted-world-nintendo-switch/apd/ab908050/gaming-gaming-accessories	Yoshi's Crafted World - Nintendo Switch	$59.99
https://www.dell.com/en-us/shop/logitech-g29-driving-force-racing-wheel-for-ps4-and-ps3/apd/a8572893/gaming-gaming-accessories	Logitech G29 Driving Force Racing Wheel For PS4 and PS3	$299.99
https://www.dell.com/en-us/shop/logitech-g815-lightsync-rgb-usb-wired-mechanical-gaming-keyboard-tactile-key-switch/apd/aa778309/pc-accessories	Logitech G815 LIGHTSYNC RGB USB Wired Mechanical Gaming Keyboard - Tactile Key Switch	$129.99
https://www.dell.com/en-us/shop/logitech-g935-wireless-71-surround-sound-lightsync-gaming-headset/apd/aa551952/audio	Logitech G935 Wireless 7.1 Surround Sound LIGHTSYNC Gaming Headset	$169.99
https://www.dell.com/en-us/shop/thrustmaster-hotas-warthog-joystick-and-throttle-pc/apd/a9168831/gaming-gaming-accessories	Thrustmaster Hotas Warthog - Joystick and Throttle (PC)	$549.99
https://www.dell.com/en-us/shop/cvl-1084-usb-desktop-microphone/apd/aa033774/audio	CVL-1084 USB Desktop Microphone	$24.99
https://www.dell.com/en-us/shop/metroid-dread-nintendo-switch/apd/ac024036/gaming-gaming-accessories	Metroid Dread - Nintendo Switch	$59.99
https://www.dell.com/en-us/shop/netgear-orbi-cbk752-wi-fi-system-cable-mdm-80211a-b-g-n-ac-ax-desktop/apd/ab307350/networking	NETGEAR Orbi CBK752 - Wi-Fi system - cable mdm - 802.11a/b/g/n/ac/ax - desktop	$449.99
https://www.dell.com/en-us/shop/super-mario-odyssey-nintendo-switch/apd/ab908012/gaming-gaming-accessories	Super Mario Odyssey - Nintendo Switch	$59.99
https://www.dell.com/en-us/shop/saitek-pro-flight-yoke-system-gaming-controller-for-pc-black/apd/a9578645/gaming-gaming-accessories	Saitek - Pro Flight Yoke System Gaming Controller for PC - Black	$169.99
https://www.dell.com/en-us/shop/tp-link-ac1300-whole-home-wi-fi-system-deco-m53-pack/apd/a9823863/networking	TP-Link AC1300 Whole-Home Wi-Fi System DECO M5(3-PACK)	$149.99
https://www.dell.com/en-us/shop/netgear-orbi-wifi-system-rbk852-wi-fi-system-router-extender-up-to-5000-sqft-mesh-gige-25-gige-80211a-b-g-n-ac-80211a-b-g-n-ac-ax-tri-band/apd/ab703867/networking	NETGEAR Orbi WiFi System RBK852 - Wi-Fi system (router, extender) - up to 5,000 sq.ft - mesh - GigE, 2.5 GigE - 802.11a/b/g/n/ac, 802.11a/b/g/n/ac/ax - Tri-Band	$699.99
https://www.dell.com/en-us/shop/netgear-nighthawk-dual-band-ac1900-router-with-24-x-8-docsis-30-cable-modem-black/apd/a9909045/networking	NETGEAR - Nighthawk Dual-Band AC1900 Router with 24 x 8 DOCSIS 3.0 Cable Modem - Black	$199.99
https://www.dell.com/en-us/shop/arcade1up-teenage-mutant-ninja-turtles-turtles-in-time-arcade-machine/apd/ac162222/gaming-gaming-accessories	Arcade1Up Teenage Mutant Ninja Turtles- Turtles in Time™ Arcade Machine	$699.99
https://www.dell.com/en-us/shop/logitech-extreme-3d-pro-joystick/apd/a0204821/gaming-gaming-accessories	Logitech Extreme 3D Pro Joystick	$39.99
https://www.dell.com/en-us/shop/elgato-stream-deck-mini-keypad-usb/apd/aa357508/gaming-gaming-accessories	Elgato Stream Deck Mini - Keypad - USB	$79.99
https://www.dell.com/en-us/shop/steelseries-aerox-9-mouse-ergonomic-right-handed-optical-18-buttons-wireless-wired-usb-24-ghz-bluetooth-50-usb-c-wireless-receiver-matte-black/apd/ac077695/pc-accessories	SteelSeries Aerox 9 - Mouse - ergonomic - right-handed - optical - 18 buttons - wireless, wired - USB, 2.4 GHz, Bluetooth 5.0 - USB-C wireless receiver - matte black	$149.99
https://www.dell.com/en-us/shop/steelseries-apex-pro-tkl-usb-keyboard-omnipoint-adjustable-key-switch/apd/aa760822/pc-accessories	SteelSeries Apex Pro TKL USB Keyboard - OmniPoint Adjustable Key Switch	$179.99
https://www.dell.com/en-us/shop/htc-vive-cosmos-elite-vr-headset/apd/ab079255/gaming-gaming-accessories	HTC VIVE Cosmos Elite VR Headset	$749.00
https://www.dell.com/en-us/shop/netgear-nighthawk-ax12-12-stream-wi-fi-6-router/apd/aa650126/networking	Netgear Nighthawk AX12 12-Stream Wi-Fi 6 Router	$449.99
https://www.dell.com/en-us/shop/logitech-g413-mechanical-gaming-keyboard-carbon/apd/a9699531/pc-accessories	Logitech G413 Mechanical Gaming Keyboard - Carbon	$65.99
https://www.dell.com/en-us/shop/new-super-mario-bros-u-deluxe-nintendo-switch/apd/ab908045/gaming-gaming-accessories	New Super Mario Bros. U Deluxe - Nintendo Switch	$59.99
https://www.dell.com/en-us/shop/new-pokémon-snap-nintendo-switch/apd/ab872506/gaming-gaming-accessories	New Pokémon Snap - Nintendo Switch	$59.99
https://www.dell.com/en-us/shop/hyrule-warriors-age-of-calamity-nintendo-switch/apd/ab969594/gaming-gaming-accessories	Hyrule Warriors Age of Calamity - Nintendo Switch	$59.99
https://www.dell.com/en-us/shop/jbl-quantum-one-headset-full-size-wired-active-noise-canceling-usb-35-mm-jack-usb-c-black/apd/ab046510/audio	JBL Quantum One - Headset - full size - wired - active noise canceling - USB, 3.5 mm jack, USB-C - black	$149.95
https://www.dell.com/en-us/shop/logitech-f710-wireless-gamepad/apd/a4620461/gaming-gaming-accessories	Logitech F710 Wireless Gamepad	$42.99
https://www.dell.com/en-us/shop/logitech-gaming-g-driving-force-shifter/apd/a8630973/gaming-gaming-accessories	Logitech Gaming G Driving Force Shifter	$49.99
https://www.dell.com/en-us/shop/elgato-video-capture-video-capture-adapter-usb-20-ntsc-secam-pal-pal-60/apd/ab022841/gaming-gaming-accessories	Elgato Video Capture - Video capture adapter - USB 2.0 - NTSC, SECAM, PAL, PAL 60	$87.99
https://www.dell.com/en-us/shop/mario-strikers-battle-league/apd/ac276629/gaming-gaming-accessories	Mario Strikers™- Battle League	$59.99
https://www.dell.com/en-us/shop/netgear-nighthawk-cm2050v-cable-modem-25-gigabit-ethernet-25-gbps/apd/ab307356/networking	NETGEAR Nighthawk CM2050V - Cable modem - 2.5 Gigabit Ethernet - 2.5 Gbps	$349.99
https://www.dell.com/en-us/shop/turtle-beach-stealth-600-gen-2-usb-for-xbox-black/apd/ac131660/gaming-gaming-accessories	Turtle Beach Stealth™ 600 Gen 2 USB for Xbox - Black	$99.99
https://www.dell.com/en-us/shop/linksys-atlas-max-6e-tri-band-mesh-wifi-6e-system-3-pack/apd/ab679487/networking	Linksys Atlas Max 6E: Tri-Band Mesh WiFi 6E System, 3-Pack	$999.99
https://www.dell.com/en-us/shop/tp-link-deco-s4-ac1200-whole-home-mesh-wifi-system/apd/ab722381/networking	TP-LINK Deco S4 AC1200 Whole Home Mesh WiFi System	$149.99
https://www.dell.com/en-us/shop/super-mario-party-nintendo-switch/apd/ab872502/gaming-gaming-accessories	Super Mario Party - Nintendo Switch	$59.99
https://www.dell.com/en-us/shop/luigis-mansion-3-nintendo-switch/apd/ab872503/gaming-gaming-accessories	Luigi's Mansion 3 - Nintendo Switch	$59.99
https://www.dell.com/en-us/shop/turtle-beach-stealth-700-gen-2-max-for-xbox-black/apd/ac131749/gaming-gaming-accessories	Turtle Beach Stealth™ 700 Gen 2 MAX for Xbox - Black	$199.99
https://www.dell.com/en-us/shop/jbl-quantum-100-headset-full-size-wired-35-mm-jack-black/apd/ab046511/audio	JBL Quantum 100 - Headset - full size - wired - 3.5 mm jack - black	$19.95
https://www.dell.com/en-us/shop/tp-link-ub400-network-adapter-usb-20-bluetooth-40/apd/aa881046/networking	TP-Link UB400 - Network adapter - USB 2.0 - Bluetooth 4.0	$10.99
https://www.dell.com/en-us/shop/logitech-g610-orion-red-mechanical-gaming-keyboard/apd/a8831501/pc-accessories	Logitech G610 Orion Red Mechanical Gaming Keyboard	$75.99
https://www.dell.com/en-us/shop/tp-link-archer-ax10-wireless-router-4-port-switch-gige-80211ax-80211a-b-g-n-ac-ax-dual-band/apd/ab016707/networking	TP-Link Archer AX10 - Wireless router - 4-port switch - GigE, 802.11ax - 802.11a/b/g/n/ac/ax - Dual Band	$79.99
https://www.dell.com/en-us/shop/download-microsoft-xbox-fifa-23-5900-fifa-points-xbox-one-digital-code/apd/ac270954/gaming-gaming-accessories	Download Microsoft Xbox FIFA 23 5900 FIFA Points Xbox One Digital Code	$49.99
https://www.dell.com/en-us/shop/amazon-eero-pro-6-tri-band-mesh-wi-fi-6-router-with-built-in-zigbee-smart-home-hub/apd/ab388493/networking	Amazon eero Pro 6 tri-band mesh Wi-Fi 6 router with built-in Zigbee smart home hub	$229.00
https://www.dell.com/en-us/shop/jbl-quantum-100-headset-full-size-wired-35-mm-jack-white/apd/ab046497/audio	JBL Quantum 100 - Headset - full size - wired - 3.5 mm jack - white	$19.95
https://www.dell.com/en-us/shop/elgato-key-light-lamp-head-1-heads-x-160-lamp-led-dc/apd/ab022836/gaming-gaming-accessories	Elgato Key Light - Lamp head - 1 heads x 160 lamp - LED - DC	$199.99
https://www.dell.com/en-us/shop/steelseries-rival-3-usb-wired-mouse/apd/ab024739/pc-accessories	SteelSeries Rival 3 USB Wired Mouse	$29.99
https://www.dell.com/en-us/shop/logitech-lightspeed-wireless-rgb-mechanical-gaming-keyboard-black-gl-clicky-key-switch/apd/aa778305/pc-accessories	Logitech LIGHTSPEED Wireless RGB Mechanical Gaming Keyboard - Black, GL Clicky Key Switch	$179.99
https://www.dell.com/en-us/shop/the-legend-of-zelda-links-awakening-nintendo-switch/apd/ab969598/gaming-gaming-accessories	The Legend of Zelda Link's Awakening - Nintendo Switch	$59.99
https://www.dell.com/en-us/shop/thrustmaster-t-flight-rudder-pedals-pedals-wired-for-pc-sony-playstation-4/apd/a9324995/gaming-gaming-accessories	Thrustmaster T-Flight Rudder Pedals - Pedals - wired - for PC, Sony PlayStation 4	$129.99
https://www.dell.com/en-us/shop/arcade1up-ms-pac-man-head-to-head-arcade-table-40th-anniversary/apd/ac162215/gaming-gaming-accessories	Arcade1Up Ms. Pac-Man™ Head-to-Head Arcade Table - 40th Anniversary	$399.99
https://www.dell.com/en-us/shop/netgear-nighthawk-pro-gaming-xr1000-wireless-router-4-port-switch-gige-80211ax-80211a-b-g-n-ac-ax-dual-band/apd/ab307365/networking	NETGEAR Nighthawk Pro Gaming XR1000 - Wireless router - 4-port switch - GigE, 802.11ax - 802.11a/b/g/n/ac/ax - Dual Band	$369.99
https://www.dell.com/en-us/shop/next-level-racing-v3-gaming-chair-motion-platform/apd/a9758887/gaming-gaming-accessories	Next Level Racing V3 - Gaming chair motion platform	$2,999.00
https://www.dell.com/en-us/shop/thrustmaster-tca-officer-pack-airbus-edition-joystick-and-throttle-pc/apd/ab369529/gaming-gaming-accessories	ThrustMaster TCA Officer Pack Airbus Edition - Joystick and Throttle (PC)	$189.99
https://www.dell.com/en-us/shop/download-xbox-xbox-live-6-mo-digital-online-product-key-1-license/apd/a9270390/gaming-gaming-accessories	Download Xbox Xbox Live 6 mo Digital Online Product Key 1 License	$39.99
https://www.dell.com/en-us/shop/alienware-34-curved-qd-oled-gaming-monitor-aw3423dwf/apd/210-bfrp/monitors-monitor-accessories	Alienware 34 Curved QD-OLED Gaming Monitor - AW3423DWF	$1,099.99
https://www.dell.com/en-us/shop/mario-golf-super-rush-nintendo-switch-nintendo-switch-lite/apd/ab872508/gaming-gaming-accessories	Mario Golf Super Rush - Nintendo Switch, Nintendo Switch Lite	$59.99
https://www.dell.com/en-us/shop/logitech-g613-wireless-mechanical-gaming-keyboard/apd/a9944110/pc-accessories	Logitech G613 Wireless Mechanical Gaming Keyboard	$129.99
https://www.dell.com/en-us/shop/arcade1up-pac-man-head-to-head-arcade-table-black-series-edition/apd/ac162216/gaming-gaming-accessories	Arcade1Up PAC-MAN™ Head-to-Head Arcade Table - Black Series Edition	$399.99
https://www.dell.com/en-us/shop/arcade1up-street-fighter-ii-big-blue-arcade-machine/apd/ac162220/gaming-gaming-accessories	Arcade1Up Street Fighter™II Big Blue Arcade Machine	$599.99
https://www.dell.com/en-us/shop/steelseries-arctis-1-headset-full-size-24-ghz-wireless/apd/ab024736/audio	SteelSeries Arctis 1 - Headset - full size - 2.4 GHz - wireless	$117.99
https://www.dell.com/en-us/shop/logitech-g435-lightspeed-wireless-gaming-headset-headset-full-size-bluetooth-lightspeed-wireless-white/apd/ab798938/audio	Logitech G435 LIGHTSPEED Wireless Gaming Headset - Headset - full size - Bluetooth / LIGHTSPEED - wireless - white	$49.99
https://www.dell.com/en-us/shop/steelseries-qck-edge-large-mouse-pad/apd/ab024742/gaming-gaming-accessories	SteelSeries Qck Edge Large Mouse Pad	$19.45
https://www.dell.com/en-us/shop/ps5-pulse-3d-midnight-black-wireless-headset/apd/ac285891/audio	PS5 PULSE 3D MIDNIGHT BLACK WIRELESS HEADSET	$99.99
https://www.dell.com/en-us/shop/razer-wolverine-ultimate-gaming-controller-for-xbox/apd/a9951641/gaming-gaming-accessories	Razer Wolverine Ultimate Gaming Controller for XBOX	$159.99
https://www.dell.com/en-us/shop/shure-mv7-microphone-usb-black-teamspeak-certified/apd/ab860894/audio	Shure MV7 - Microphone - USB - black - TeamSpeak Certified	$224.00
https://www.dell.com/en-us/shop/enhance-extended-gaming-mouse-pad-with-wrist-rest/apd/aa440221/gaming-gaming-accessories	ENHANCE Extended Gaming Mouse Pad with Wrist Rest	$44.99
https://www.dell.com/en-us/shop/download-xbox-live-45-digital-gift-card/apd/a8640192/gaming-gaming-accessories	Download Xbox Live $45 Digital Gift Card	$45.00
https://www.dell.com/en-us/shop/logitech-saitek-x52-professional-hotas-joystick-and-throttle-wired-for-pc/apd/a9578644/gaming-gaming-accessories	Logitech Saitek X52 Professional H.O.T.A.S. - Joystick and throttle - wired - for PC	$229.99
https://www.dell.com/en-us/shop/next-level-racing-gtlite-racing-simulator-cockpit-fabric/apd/ab560712/gaming-gaming-accessories	Next Level Racing GT Lite Cockpit	$229.99
https://www.dell.com/en-us/shop/fire-emblem-warriors-three-hopes-nintendo-switch/apd/ac279414/gaming-gaming-accessories	Fire Emblem Warriors Three Hopes - Nintendo Switch	$59.99
https://www.dell.com/en-us/shop/kirby-star-allies-nintendo-switch/apd/ab908025/gaming-gaming-accessories	Kirby Star Allies - Nintendo Switch	$59.99
https://www.dell.com/en-us/shop/netgear-nighthawk-x6-ex7700-tri-band-wi-fi-mesh-range-extender/apd/aa293339/networking	NETGEAR - Nighthawk X6 EX7700 Tri-Band Wi-Fi Mesh Range Extender	$159.99
https://www.dell.com/en-us/shop/warioware-get-it-together-nintendo-switch/apd/ac224231/gaming-gaming-accessories	WarioWare Get It Together! - Nintendo Switch	$49.99
https://www.dell.com/en-us/shop/enhance-xxl-extended-gaming-mouse-pad-mat/apd/aa440213/gaming-gaming-accessories	ENHANCE XXL Extended Gaming Mouse Pad Mat	$21.99
https://www.dell.com/en-us/shop/donkey-kong-country-tropical-freeze-nintendo-switch/apd/ab908041/gaming-gaming-accessories	Donkey Kong Country Tropical Freeze - Nintendo Switch	$59.99
https://www.dell.com/en-us/shop/logitech-g915-lightspeed-wireless-mechanical-gaming-keyboard-linear-key-switch/apd/aa778306/pc-accessories	Logitech G915 LIGHTSPEED Wireless Mechanical Gaming Keyboard - Linear Key Switch	$249.99
https://www.dell.com/en-us/shop/alienware-p4500-gaming-chair/apd/ab795174/gaming-gaming-accessories	Alienware P4500 Gaming Chair	$399.99
https://www.dell.com/en-us/shop/amazon-eero-pro-6-tri-band-mesh-wi-fi-6-system-with-built-in-zigbee-smart-home-hub-3-pack/apd/ab388512/networking	Amazon eero Pro 6 tri-band mesh Wi-Fi 6 system with built-in Zigbee smart home hub (3-pack)	$599.00
https://www.dell.com/en-us/shop/thrustmaster-t150-wheel-and-pedals-set-ps5-ps4-and-pc/apd/a9168845/gaming-gaming-accessories	ThrustMaster T150 - Wheel and pedals set - (PS5, PS4 and PC)	$229.99
https://www.dell.com/en-us/shop/arcade1up-infinity-game-table-32-screen/apd/ac162205/gaming-gaming-accessories	Arcade1Up Infinity Game Table 32 Screen	$899.99
https://www.dell.com/en-us/shop/netgear-nighthawk-ac1900-network-adapter-usb-30-80211ac/apd/ab071213/networking	NETGEAR Nighthawk AC1900 - Network adapter - USB 3.0 - 802.11ac	$84.99
https://www.dell.com/en-us/shop/arcade1up-attack-from-mars-pinball/apd/ac162235/gaming-gaming-accessories	Arcade1Up Attack from Mars Pinball	$449.99
https://www.dell.com/en-us/shop/download-microsoft-xbox-nba-2k23-450000-vc-xbox-one-digital-code/apd/ac254205/gaming-gaming-accessories	Download Microsoft Xbox NBA 2K23 450000 VC Xbox One Digital Code	$99.99
https://www.dell.com/en-us/shop/logitech-g305-lightsync-wireless-gaming-mouse-lilac/apd/ab327400/pc-accessories	Logitech G305 LIGHTSYNC Wireless Gaming Mouse - Lilac	$39.99
https://www.dell.com/en-us/shop/linksys-hydra-6-dual-band-mesh-wifi-6-router/apd/ac197780/networking	Linksys Hydra 6 Dual-Band Mesh WiFi 6 Router	$179.99
https://www.dell.com/en-us/shop/logitech-g203-lightsync-gaming-mouse-black/apd/ab198717/pc-accessories	Logitech G203 LIGHTSYNC Gaming Mouse - Black	$19.99
https://www.dell.com/en-us/shop/download-xbox-game-pass-ultimate-retail-1m-subscription1-license-xbox-one-digital-code/apd/aa804936/gaming-gaming-accessories	Download Xbox Game Pass Ultimate Retail 1M Subscription1 License Xbox One Digital Code	$14.99
https://www.dell.com/en-us/shop/linksys-max-stream-mesh-wifi-5-router/apd/ab736843/networking	Linksys MAX-STREAM Mesh WiFi 5 Router	$99.99
https://www.dell.com/en-us/shop/logitech-g332-g-series-headset-full-size-wired/apd/aa551912/audio	Logitech G332 - G Series - headset - full size - wired	$39.99
https://www.dell.com/en-us/shop/super-mario-maker-2-nintendo-switch/apd/ab969599/gaming-gaming-accessories	Super Mario Maker 2 - Nintendo Switch	$59.99
https://www.dell.com/en-us/shop/thrustmaster-t16000m-joystick-16-buttons-wired-for-pc/apd/aa056599/gaming-gaming-accessories	ThrustMaster T.16000M - Joystick - 16 buttons - wired for PC	$129.99
https://www.dell.com/en-us/shop/thrustmaster-t-lcm-pedals-xbox-series-x-s-xbox-one-ps5-ps4-and-pc/apd/ab775353/gaming-gaming-accessories	ThrustMaster T-LCM - Pedals (XBOX Series X/S, XBOX One, PS5, PS4 and PC)	$229.99
https://www.dell.com/en-us/shop/shure-mv7-podcast-kit/apd/ab860896/audio	Shure MV7 Podcast Kit	$242.00
https://www.dell.com/en-us/shop/steelseries-apex-5-usb-keyboard-hybrid-blue-key-switch/apd/ab024731/pc-accessories	SteelSeries Apex 5 USB Keyboard - Hybrid Blue Key Switch	$117.99
https://www.dell.com/en-us/shop/logitech-gaming-headset-g432-headset-71-channel-full-size-wired-usb-35-mm-jack-black/apd/aa551913/audio	Logitech Gaming Headset G432 - Headset - 7.1 channel - full size - wired - USB, 3.5 mm jack - black	$35.99
https://www.dell.com/en-us/shop/steelseries-rival-3-right-handed-bluethooth-usb-wireless-mouse-matte-black/apd/ab683618/pc-accessories	SteelSeries Rival 3 Right-Handed Bluethooth USB Wireless Mouse - Matte Black	$49.99
https://www.dell.com/en-us/shop/wheel-stand-20-racing-stand/apd/ac024024/gaming-gaming-accessories	Wheel Stand 2.0 - Racing Stand	$249.99
https://www.dell.com/en-us/shop/logitech-saitek-x52-hotas-joystick-and-throttle-wired-for-pc/apd/a9578647/gaming-gaming-accessories	Logitech Saitek X52 H.O.T.A.S. - Joystick and throttle - wired - for PC	$179.99
https://www.dell.com/en-us/shop/milano-gaming-chair-red/apd/ac328043/gaming-gaming-accessories	Milano Gaming Chair - Red	$119.99
https://www.dell.com/en-us/shop/arcade1up-ms-pac-man-galaga-class-of-81-arcade-machine/apd/ac162233/gaming-gaming-accessories	Arcade1Up Ms. PAC-MAN™ / GALAGA™ Class of '81 Arcade Machine	$599.99
https://www.dell.com/en-us/shop/amazon-eero-pro-6e-mesh-wi-fi-router-smart-home-hub/apd/ac226245/networking	Amazon eero Pro 6E mesh Wi-Fi router Smart home hub	$299.00
https://www.dell.com/en-us/shop/download-xbox-soulcalibur-ii-hd-xbox-360-digital-code/apd/a9169133/gaming-gaming-accessories	Download Xbox SoulCalibur II HD Xbox 360 Digital Code	$19.99
https://www.dell.com/en-us/shop/arcade1up-nba-jam-2-player-countercade/apd/ac162211/gaming-gaming-accessories	Arcade1Up NBA Jam™ 2 Player Countercade	$129.99
https://www.dell.com/en-us/shop/pokémon-brilliant-diamond-nsw/apd/ac024048/gaming-gaming-accessories	Pokémon™ Brilliant Diamond NSW	$59.99
https://www.dell.com/en-us/shop/corsair-mm100-gaming-mouse-pad/apd/ab022849/gaming-gaming-accessories	CORSAIR MM100 Gaming Mouse Pad	$10.99
https://www.dell.com/en-us/shop/logitech-g-pro-wired-gaming-headset-windows-black/apd/aa736019/audio	Logitech G Pro Wired Gaming Headset - Windows - Black	$99.99
https://www.dell.com/en-us/shop/steelseries-aerox-3-2022-edition-mouse-ergonomic-right-handed-optical-6-buttons-wireless-wired-24-ghz-usb-c-bluetooth-50-usb-c-wireless-receiver-onyx-black-matte-color-box/apd/ab972427/pc-accessories	SteelSeries Aerox 3 2022 Edition - Mouse - ergonomic - right-handed - optical - 6 buttons - wireless, wired - 2.4 GHz, USB-C, Bluetooth 5.0 - USB-C wireless receiver - onyx black matte - color box	$99.99
https://www.dell.com/en-us/shop/amazon-eero-6-dual-band-mesh-wi-fi-6-extender-expands-existing-eero-network/apd/ab388482/networking	Amazon eero 6 dual-band mesh Wi-Fi 6 extender - expands existing eero network	$79.00
https://www.dell.com/en-us/shop/arctis-nova-pro-wireless-for-xbox/apd/ac128443/audio	ARCTIS NOVA PRO WIRELESS FOR XBOX	$349.99
https://www.dell.com/en-us/shop/thrustmaster-eswap-x-pro-controller-gamepad-xbox-series-x-s-xbox-one-and-pc/apd/ab472344/gaming-gaming-accessories	ThrustMaster eSwap X Pro Controller - Gamepad (XBOX Series X/S, XBOX One, and PC)	$159.99
https://www.dell.com/en-us/shop/logitech-g435-lightspeed-wireless-gaming-headset-headset-full-size-bluetooth-lightspeed-wireless-blue/apd/ab798939/audio	Logitech G435 LIGHTSPEED Wireless Gaming Headset - Headset - full size - Bluetooth / LIGHTSPEED - wireless - blue	$49.99
https://www.dell.com/en-us/shop/jbl-quantum-200-headset-full-size-wired-35-mm-jack-black/apd/ab046507/audio	JBL Quantum 200 - Headset - full size - wired - 3.5 mm jack - black	$29.95
https://www.dell.com/en-us/shop/mario-kart-live-home-circuit/apd/ab969600/gaming-gaming-accessories	Mario Kart Live Home Circuit	$99.99
https://www.dell.com/en-us/shop/steelseries-arctis-pro-wired-dts-headphone-x-v20-gaming-headset-black/apd/aa120755/audio	SteelSeries - Arctis Pro Wired DTS Headphone:X v2.0 Gaming Headset - Black	$179.99
https://www.dell.com/en-us/shop/logitech-g603-bluetooth-wireless-mouse/apd/a9951481/pc-accessories	Logitech G603 Bluetooth Wireless Mouse	$39.99
https://www.dell.com/en-us/shop/logitech-g-g413-tkl-se-keyboard-backlit-usb/apd/ab975112/pc-accessories	Logitech G G413 TKL SE - Keyboard - backlit - USB	$49.99
https://www.dell.com/en-us/shop/arcade1up-x-men-4-player-arcade-machine/apd/ac162225/gaming-gaming-accessories	Arcade1Up X-Men 4 Player Arcade Machine	$499.99
https://www.dell.com/en-us/shop/logitech-g403-hero-gaming-mouse/apd/aa698195/pc-accessories	Logitech G403 Hero Gaming Mouse	$34.99
https://www.dell.com/en-us/shop/tp-link-archer-ax10000-next-gen-tri-band-gaming-router/apd/ac067672/networking	TP-Link Archer AX10000 Next-Gen Tri-Band Gaming Router	$299.99
https://www.dell.com/en-us/shop/netgear-r6400-wireless-router-4-port-switch-gige-80211a-b-g-n-ac-dual-band/apd/a8555812/networking	NETGEAR R6400 - Wireless router - 4-port switch - GigE - 802.11a/b/g/n/ac - Dual Band	$139.99
https://www.dell.com/en-us/shop/astro-gaming-a10-gen-2-headset-xbox-black/apd/ac022146/audio	ASTRO Gaming A10 Gen 2 Headset Xbox - Black	$49.99
https://www.dell.com/en-us/shop/next-level-racing-flight-simulator-boeing-commercial-edition/apd/ac285893/gaming-gaming-accessories	NEXT LEVEL RACING FLIGHT SIMULATOR BOEING COMMERCIAL EDITION	$799.99
https://www.dell.com/en-us/shop/logitech-g923-wheel-and-pedals-set-wired-for-pc-microsoft-xbox-one-microsoft-xbox-series-s-microsoft-xbox-series-x/apd/ab335189/gaming-gaming-accessories	Logitech G923 - Wheel and pedals set - wired - for PC, Microsoft Xbox One, Microsoft Xbox Series S, Microsoft Xbox Series X	$399.99
https://www.dell.com/en-us/shop/alice-madness-returns-the-cmplt-col-pc-gaming-electronic-software-download/apd/a9827406/gaming-gaming-accessories	ALICE: MADNESS RETURNS THE CMPLT COL - PC Gaming - Electronic Software Download	$29.99
https://www.dell.com/en-us/shop/game-builder-garage-nsw/apd/ac242800/gaming-gaming-accessories	GAME BUILDER GARAGE NSW	$29.99
https://www.dell.com/en-us/shop/tp-link-ac1300-whole-home-wi-fi-unit-deco-m5-1-pack/apd/a9823864/networking	TP-Link AC1300 Whole-Home Wi-Fi Unit DECO M5 (1-PACK)	$56.99
https://www.dell.com/en-us/shop/iogear-kaliber-gaming-hver-aluminum-usb-keyboard-black-gray/apd/a9229073/pc-accessories	IOGEAR Kaliber Gaming HVER Aluminum USB Keyboard - Black, Gray	$34.95
https://www.dell.com/en-us/shop/elgato-cam-link-video-capture-adapter-usb-30/apd/ab022837/gaming-gaming-accessories	Elgato Cam Link - Video capture adapter - USB 3.0	$129.99
https://www.dell.com/en-us/shop/arcade1up-nfl-blitz-legends-arcade-game/apd/ac272203/gaming-gaming-accessories	Arcade1Up NFL Blitz Legends Arcade Game	$499.99
https://www.dell.com/en-us/shop/next-level-racing-wheel-stand-racer-stand-for-game-controllers-matte-black/apd/aa757496/gaming-gaming-accessories	Next Level Racing Wheel Stand Racer - Stand for game controllers - matte black	$110.99
https://www.dell.com/en-us/shop/linksys-velop-intelligent-mesh-wifi-system-tri-band-3-pack-white-ac2200/apd/a9506557/networking	Linksys Velop Intelligent Mesh WiFi System, Tri-Band, 3-Pack White (AC2200)	$399.99
https://www.dell.com/en-us/shop/grand-theft-auto-the-trilogy-the-definitive-edition-nintendo-switch/apd/ac002699/gaming-gaming-accessories	Grand Theft Auto The Trilogy - The Definitive Edition - Nintendo Switch	$59.99
https://www.dell.com/en-us/shop/download-xbox-flight-simulator-premium-deluxe-edition-windows-edition-win-10-digital-code/apd/ab300797/gaming-gaming-accessories	Download Xbox Flight Simulator Premium Deluxe Edition Windows Edition Win 10 Digital Code	$119.99
https://www.dell.com/en-us/shop/download-microsoft-xbox-fifa-23-standard-edition-xbox-series-xs/apd/ac279498/gaming-gaming-accessories	Download Microsoft Xbox FIFA 23 - STANDARD EDITION (Xbox Series X|S)	$69.99
https://www.dell.com/en-us/shop/arcade1up-golden-tee-arcade-machine-3d-edition/apd/ac162239/gaming-gaming-accessories	Arcade1Up Golden Tee Arcade Machine 3D Edition	$624.99
https://www.dell.com/en-us/shop/next-level-racing-stand-for-plasma-lcd-tv-matte-black-screen-size-24-85/apd/aa493710/gaming-gaming-accessories	Next Level Racing - Stand for plasma / LCD / TV - matte black - screen size: 24"-85"	$199.99
https://www.dell.com/en-us/shop/steel-series-aerox-5-wireless-gaming-mouse/apd/ac077697/pc-accessories	Steel Series Aerox 5 Wireless Gaming Mouse	$139.99
https://www.dell.com/en-us/shop/google-nest-wifi-pro-3pk-snow/apd/ac319839/networking	Google Nest Wifi Pro 3PK Snow	$399.99
https://www.dell.com/en-us/shop/steelseries-arctis-5-2019-edition-headset-full-size-wired-usb-black/apd/aa760810/audio	SteelSeries Arctis 5 - 2019 Edition - headset - full size - wired - USB - black	$99.99
https://www.dell.com/en-us/shop/elgato-game-capture-hd-60-s-video-capture-adapter-usb-c/apd/ab754547/gaming-gaming-accessories	Elgato Game Capture HD 60 S+ - Video capture adapter - USB-C	$215.99
https://www.dell.com/en-us/shop/corsair-gaming-k100-rgb-usb-keyboard-black-cherry-mx-key-switch/apd/ab858421/pc-accessories	CORSAIR Gaming K100 RGB USB Keyboard - Black, Cherry MX Key Switch	$229.99
https://www.dell.com/en-us/shop/next-level-racing-flight-simulator-boeing-military-edition/apd/ac285894/gaming-gaming-accessories	NEXT LEVEL RACING FLIGHT SIMULATOR: BOEING MILITARY EDITION	$799.99
https://www.dell.com/en-us/shop/turtle-beach-recon-controller-gamepad-wired-black-for-pc-microsoft-xbox-one-microsoft-xbox-series-s-microsoft-xbox-series-x/apd/ab748800/gaming-gaming-accessories	Turtle Beach Recon Controller - Gamepad - wired - black - for PC, Microsoft Xbox One, Microsoft Xbox Series S, Microsoft Xbox Series X	$62.99
https://www.dell.com/en-us/shop/steelseries-rival-650-wireless-usb-wired-mouse/apd/aa760816/pc-accessories	SteelSeries Rival 650 Wireless USB Wired Mouse	$119.99
https://www.dell.com/en-us/shop/next-level-racing-f-gt-elite-aluminum-simulator-cockpit-wheel-plate-edition/apd/ab784824/gaming-gaming-accessories	Next Level Racing F-GT Elite Aluminum Simulator Cockpit - Wheel Plate Edition	$899.99
https://www.dell.com/en-us/shop/netgear-ax1800-wifi-router-rax10-4-stream-dual-band-wifi-6-router-with-netgear-armor-netgear-smart-parental-controls/apd/ab703843/networking	NETGEAR AX1800 WiFi Router (RAX10) 4-Stream Dual-Band WiFi 6 Router with NETGEAR Armor™ & NETGEAR Smart Parental Controls	$139.99
https://www.dell.com/en-us/shop/akracing-opal-chair-armrests-t-shaped-swivel-metal-polyester/apd/aa128433/gaming-gaming-accessories	AKRacing Opal Chair Armrests, T-shaped, Swivel, Metal, Polyester	$399.00
https://www.dell.com/en-us/shop/mario-tennis-aces-nintendo-switch/apd/ab908027/gaming-gaming-accessories	Mario Tennis Aces - Nintendo Switch	$59.99
https://www.dell.com/en-us/shop/arcade1up-marvel-vs-capcom-head-to-head-arcade-table/apd/ac162213/gaming-gaming-accessories	Arcade1Up Marvel vs Capcom Head-to-Head Arcade Table	$399.99
https://www.dell.com/en-us/shop/pokémon-shield-nintendo-switch/apd/ac024030/gaming-gaming-accessories	Pokémon Shield - Nintendo Switch	$59.99
https://www.dell.com/en-us/shop/arcade1up-jr-paw-patrol/apd/ac162229/gaming-gaming-accessories	Arcade1Up Jr. PAW Patrol	$179.99
https://www.dell.com/en-us/shop/elgato-multi-mount-stand-desk-mountable/apd/ab754540/gaming-gaming-accessories	Elgato Multi Mount - Stand - desk-mountable	$46.99
https://www.dell.com/en-us/shop/amazon-eero-6-mesh-wi-fi-router/apd/ac226243/networking	Amazon eero 6+ mesh Wi-Fi router	$139.00
https://www.dell.com/en-us/shop/paper-mario-the-origami-king/apd/ab872505/gaming-gaming-accessories	Paper Mario™: The Origami King	$59.99
https://www.dell.com/en-us/shop/pikmin-3-deluxe-nintendo-switch/apd/ab969596/gaming-gaming-accessories	Pikmin 3 - Deluxe - Nintendo Switch	$59.99
https://www.dell.com/en-us/shop/pokemon-sword-nintendo-switch/apd/ac024029/gaming-gaming-accessories	Pokemon Sword - Nintendo Switch	$59.99
https://www.dell.com/en-us/shop/elgato-green-screen-mt-background-polyester-19-m-x-2-m-chroma-key-chromagreen/apd/ab022838/gaming-gaming-accessories	Elgato Green Screen MT - Background - polyester - 1.9 m x 2 m - chroma key - chromagreen	$159.95
https://www.dell.com/en-us/shop/ub500-bluetooth-50-nano-usb-adapter/apd/ab840023/networking	UB500 Bluetooth 5.0 Nano USB Adapter	$12.99
https://www.dell.com/en-us/shop/download-microsoft-xbox-fifa-23-2800-fifa-points-xbox-one-digital-code/apd/ac270953/gaming-gaming-accessories	Download Microsoft Xbox FIFA 23 2800 FIFA Points Xbox One Digital Code	$24.99
https://www.dell.com/en-us/shop/pokémon-shining-pearl/apd/ac024049/gaming-gaming-accessories	Pokémon™ Shining Pearl	$59.99
https://www.dell.com/en-us/shop/linksys-cloud-managed-ac1300-wifi-5-indoor-wireless-access-point-taa-compliant/apd/ab637282/networking	Linksys Cloud Managed AC1300 WiFi 5 Indoor Wireless Access Point TAA Compliant	$135.99
https://www.dell.com/en-us/shop/netgear-lm1200-wireless-cellular-modem-4g-lte-gigabit-ethernet-150-mbps/apd/ab703870/networking	NETGEAR LM1200 - Wireless cellular modem - 4G LTE - Gigabit Ethernet - 150 Mbps	$110.00
https://www.dell.com/en-us/shop/tp-link-archer-ax6000-wireless-router-8-port-switch-gige-25-gige-80211ax-80211a-b-g-n-ac-ax-dual-band/apd/aa528896/networking	TP-Link Archer AX6000 - Wireless router - 8-port switch - GigE, 2.5 GigE, 802.11ax - 802.11a/b/g/n/ac/ax - Dual Band	$269.99
https://www.dell.com/en-us/shop/download-microsoft-xbox-nba-2k23-xbox-series-xs-xbox-one-digital-code/apd/ac254207/gaming-gaming-accessories	Download Microsoft Xbox NBA 2K23 Xbox Series X|S Xbox One Digital Code	$69.99
https://www.dell.com/en-us/shop/linksys-cloud-managed-ac1300-wifi-5-indoor-wireless-access-point-taa-compliant/apd/ab637282/networking	Linksys Cloud Managed AC1300 WiFi 5 Indoor Wireless Access Point TAA Compliant	$135.99
https://www.dell.com/en-us/shop/netgear-lm1200-wireless-cellular-modem-4g-lte-gigabit-ethernet-150-mbps/apd/ab703870/networking	NETGEAR LM1200 - Wireless cellular modem - 4G LTE - Gigabit Ethernet - 150 Mbps	$110.00
https://www.dell.com/en-us/shop/tp-link-archer-ax6000-wireless-router-8-port-switch-gige-25-gige-80211ax-80211a-b-g-n-ac-ax-dual-band/apd/aa528896/networking	TP-Link Archer AX6000 - Wireless router - 8-port switch - GigE, 2.5 GigE, 802.11ax - 802.11a/b/g/n/ac/ax - Dual Band	$269.99
https://www.dell.com/en-us/shop/download-microsoft-xbox-nba-2k23-xbox-series-xs-xbox-one-digital-code/apd/ac254207/gaming-gaming-accessories	Download Microsoft Xbox NBA 2K23 Xbox Series X|S Xbox One Digital Code	$69.99
https://www.dell.com/en-us/shop/akracing-pro-chair-armrests-t-shaped-swivel-metal-high-density-foam-pu-synthetic-leather-gray/apd/aa128430/gaming-gaming-accessories	AKRACING Pro - Chair - armrests - T-shaped - swivel - metal, high-density foam, PU synthetic leather - gray	$629.00
https://www.dell.com/en-us/shop/logitech-g715-wireless-mechanical-gaming-keyboard-with-tactile-switches-gx-brown-and-keyboard-palm-rest-white-mist-tenkeyless/apd/ac197936/pc-accessories	Logitech G715 Wireless Mechanical Gaming Keyboard with Tactile Switches (GX Brown), and Keyboard Palm Rest - White Mist - tenkeyless	$199.99
https://www.dell.com/en-us/shop/the-elder-scrolls-v-skyrim/apd/ab908015/gaming-gaming-accessories	The Elder Scrolls V: Skyrim	$59.99
https://www.dell.com/en-us/shop/steelseries-stratus-duo-gamepad-wireless-24-ghz-bluetooth/apd/aa760791/gaming-gaming-accessories	SteelSeries Stratus Duo - Gamepad - wireless - 2.4 GHz/Bluetooth	$59.99
https://www.dell.com/en-us/shop/thrustmaster-tca-yoke-boeing-edition-yoke-xbox-series-x-s-and-pc/apd/ab859620/gaming-gaming-accessories	Thrustmaster TCA Yoke Boeing Edition - Yoke (XBOX Series X/S and PC)	$399.99
https://www.dell.com/en-us/shop/corsair-vengeance-rgb-pro-ddr4-16-gb-2-x-8-gb-dimm-288-pin-unbuffered/apd/ab134020/memory	CORSAIR Vengeance RGB PRO - DDR4 - 16 GB: 2 x 8 GB - DIMM 288-pin - unbuffered	$83.99
https://www.dell.com/en-us/shop/download-microsoft-xbox-nba-2k23-200000-vc-xbox-one-digital-code/apd/ac254204/gaming-gaming-accessories	Download Microsoft Xbox NBA 2K23 200000 VC Xbox One Digital Code	$49.99
https://www.dell.com/en-us/shop/steelseries-arctis-nova-7-wireless-for-pc/apd/ac314833/audio	SteelSeries Arctis Nova 7 Wireless for PC	$179.99
